Common_name,Species_Name,Minimum_time_cultivation,Primary_use (Historic),Secondary_use,Current_use,No_Food_Uses,No_Non_Food_Uses,No_Total_Uses,Multi-uses_codes,Biogeographic_Region,Major(1)/Minor(0),Area_Grown_(ha),Sources_additional_uses,Access_Date,,,,
Lard_seed,Hodgsonia macrocarpa,30,P,N,P,1,1,2,"P, M",Indo_malay,0,0,,12/03/2021,,,,
Greenleaf_desmodium,Desmodium_intortum,50,A,T,A,0,2,2,"A, T",Neotropic,0,0,,28/02/2021,,,,
Silverleaf_desmodium,Desmodium uncinatum,60,A,T,A,0,2,2,"A, T",Neotropic,0,0,,28/02/2021,,,,
Wild_rice,Zizania aquatica,60,C,NA,C,2,0,2,"C, V",Nearctic,0,0,,28/02/2021,,,,
Canadian_wild_rye,Elymus canadensis,75,C,A,C,1,1,2,"C, T",Nearctic,0,0,24,28/02/2021,,,,
Col_marina,Crambe hispanica,90,N,T,N,1,4,5,"V, M, T, I, A",Afrotropic,0,0,"13, 22",12/03/2021,,,,
Saskatoon,Amelanchier alnifolia,100,F,NA,F,1,3,4,"F, T, M, TB",Nearctic,0,0,,28/02/2021,,,,
Rabbiteye_blueberry,Vaccinium ashei,130,F,NA,F,1,0,1,F,NA,0,0,,28/02/2021,,,,
Ground_nut,Apios americana,150,R,P,R,2,1,3,"R, P, M",Nearctic,0,0,,28/02/2021,,,,
Common_milkweed,Asclepias syriaca,150,V,N,V,2,3,5,"V, O, M, TX, I",Nearctic,0,0,,28/02/2021,,,,
Centro,Centrosema pubescens,150,A,T,A,0,2,2,"A, T",Neotropic,0,0,,28/02/2021,,,,
Robusta_coffee,Coffea canephora,150,B,NA,B,1,1,2,"B, M",Afrotropic,0,0,,28/02/2021,,,,
Blue_lupin,Lupinus angustifolius,150,A,P,A,1,2,3,"P, A, T",Palearctic,0,0,,28/02/2021,,,,
American_plum,Prunus americana,150,F,N,F,1,3,4,"F, M, D, T",Nearctic,0,0,,28/02/2021,,,,
Flat_pea,Lathyrus sylvestris,170,T,NA,T,0,1,1,T,Palearctic,0,0,,01/03/2021,,,,
Bull_nettle,Cnidoscolus urens,180,N,NA,N,0,1,1,TB/TX,Neotropic,0,0,16,12/03/2021,,,,
Yellow_lupin,Lupinus luteus,200,A,P,A,1,2,3,"P, A, T",Palearctic,0,0,"9, 14",01/03/2021,,,,
Unicorn_plant,Proboscidea louisianica,200,V,P,V,2,2,4,T,Nearctic,0,0,,01/03/2021,,,,
Shagbark_hickory,Carya ovata,220,P,N,P,2,4,6,"P, S, D, TB, M, I",Nearctic,0,0,,01/03/2021,,,,
Goldenberry,Physalis peruviana,244,F,NA,F,1,1,2,"F, M",Neotropic,0,0,,01/03/2021,,,,
Goats_rue,Galega officinalis,250,A,N,A,1,3,4,"V, A, M, T",Palearctic,0,0,,01/03/2021,,,,
Alsike_clover,Trifolium hybridum,250,A,NA,A,1,2,3,"V, A, T",Palearctic,0,0,,01/03/2021,,,,
Tufted_vetch,Vicia cracca,250,A,T,A,1,2,3,"V, A, T",Palearctic,0,0,,01/03/2021,,,,
Seacale,Crambe maritima,260,V,NA,V,1,0,1,V,Palearctic,0,0,,01/03/2021,,,,
Strawberry,Fragaria ananassa,268,F,NA,F,1,0,1,F,Nearctic,1,452666.6364,,01/03/2021,,,,
Scarlet_strawberry,Fragaria virginiana,268,F,NA ,F,1,1,2,"F, M",Nearctic,0,0,,01/03/2021,,,,
Crimson_clover_italian_clover,Trifolium incarnatum,270,A,T,A,1,2,3,"V, A, T",Palearctic,0,0,,01/03/2021,,,,
Hautbois_strawberry,Fragaria moschata,300,F,NA,F,1,1,2,"F, T",Palearctic,0,0,,01/03/2021,,,,
Iron_cross_plant,Oxalis deppei,300,V,NA,V,1,0,1,V,NA,0,0,,01/03/2021,,,,
naranjilla,Solanum quitoense,350,F,NA,F,1,0,1,F,Neotropic,0,0,,01/03/2021,,,,
Ethiopian_cabbage,Brassica carinata,400,V, N,V,2,2,4,"V, O, I, A",Afrotropic,0,0,,01/03/2021,,,,
Patience_dock,Rumex patientia,447,V,NA,V,1,1,2,"V, M, T, I, A",Palearctic,0,0,,01/03/2021,,,,
Gooseberry,Ribes uva-crispa,470,F,NA,F,1,1,2,"F, M",Palearctic,1,31065.72727,,01/03/2021,,,,
Yerba_mate,Ilex paraguariensis,488,B,NA,B,1,1,2,"B, M",Neotropic,1,270693.2727,,01/03/2021,,,,
Pawpaw,Asimina triloba,500,F,N,F,1,3,4,"F, M, TX, D",Nearctic,0,0,,01/03/2021,,,,
Chaya,Cnidoscolus aconitifolius,500,V,NA,V,1,2,3,"V, M, A",Afrotropic,0,0,,01/03/2021,,,,
Chia,Salvia hispanica,500,P,B,P,2,1,3,"P, B, M",Neotropic,0,0,21,12/03/2021,,,,
Chayote,Sechium edule,500,V,R,V,2,3,5,"V, R, M, A, TX",Nearctic,0,0,,01/03/2021,,,,
Cocona,Solanum sessiliflorum,500,F,NA,F,1,0,1,F,NA,0,0,,01/03/2021,,,,
Shea_butter,Vitellaria paradoxa,600,O,F,O,2,4,6,"F, O, M, I, A, TB",Afrotropic,1,494054.7273,,01/03/2021,,,,
Huauzontle,Chenopodium berlandieri,700,C,V,C,2,1,3,"C, V, D",Nearctic,0,0,,01/03/2021,,,,
Melegueta_pepper,Aframomum melegueta,750,K,Q,K,2,2,4,"K, Q, M, A",Afrotropic,0,0,,22/02/2021,,,,
Black_currant,Ribes nigrum,800,F,Q,F,4,3,7,"F, B, Q, TB, M, D, K",Palearctic,0,0,,22/02/2021,,,,
Tomato,Solanum lycopersicum,800,V,NA,V,1,2,3,"V, T, M",Neotropic,1,5500155,,22/02/2021,,,,
Borage,Borago officinalis,850,O,V,O,2,2,4,"O, V, M, T",Palearctic,0,0,,22/02/2021,,,,
Rocket,Eruca vesicaria,850,V,NA,V,3,1,4,"V, K, O, A",Palearctic,0,0,,22/02/2021,,,,
Snake_gourd,Trichosanthes cucumerina,900,V,NA,V,2,0,2,"V, F",NA,0,0,,22/02/2021,,,,
Guanábana,Annona muricata,1000,F,T,F,3,2,5,"F, B, S, T, M",Nearctic,0,0,,22/02/2021,,,,
Ackee,Blighia sapida,1000,F,NA,F,1,2,3,"F, I, M",Afrotropic,0,0,,22/02/2021,,,,
Khat,Catha edulis,1000,N,NA,N,0,1,1,RD,NA,0,0,,12/03/2021,,,,
Guar,Cyamopsis tetragonoloba,1000,V,NA,V,1,4,5,"V, T, I, A, TX",Afrotropic,0,0,,22/02/2021,,,,
Durian,Durio zibethinus,1000,F,P,F,2,0,2,"F, P",Indo_malay,0,0,,22/02/2021,,,,
Beach_strawberry,Fragaria chiloensis,1000,F,B,F,2,0,2,"F, B",Neotropic,0,0,,22/02/2021,,,,
Watercress,Nasturtium officinale,1000,V,NA,V,1,0,1,V,Palearctic,0,0,,22/02/2021,,,,
Tamarind,Tamarindus indica,1000,F,O,F,2,3,5,"F, O, M, I, TB",Indo_malay,0,0,,22/02/2021,,,,
Chives,Allium schoenoprasum,1100,K,T,K,1,1,2,"K, T",Palearctic,0,0,,22/02/2021,,,,
Bishops_weed,Ammi majus,1100,N,NA,N,0,1,1,M,Palearctic,0,0,,22/02/2021,,,,
Angelica,Angelica archangelica,1100,K,O,K,3,2,5,"K, O, V, M, I",Palearctic,0,0,,22/02/2021,,,,
Caraway,Apium carvi,1100,V,O,V,4,2,6,"V, O, F, K, I, M",NA,0,0,,12/03/2021,,,,
Caraway_seeds,Carum carvi,1100,K,Q,K,2,0,2,"K, Q",Palearctic,0,0,,22/02/2021,,,,
Turnip_rooted_chervil,Chaerophyllum bulbosum,1100,R,V,R,1,0,2,"R, V",Palearctic,0,0,,22/02/2021,,,,
Crab_grass,Digitaria sanguinalis,1100,C,A,C,1,1,2,"C, A",Palearctic,0,0,,22/02/2021,,,,
Parsnip,Pastinaca sativa,1100,R,V,R,3,1,4,"V, R, S, M",Palearctic,0,0,,22/02/2021,,,,
Red_currant,Ribes rubrum,1100,F,K,F,2,0,2,"F, K",Palearctic,0,0,,22/02/2021,,,,
Mi_yang_dao,Actinidia deliciosa,1200,F,V,F,2,0,2,"F, V",Indo_malay,1,325916.3636,,22/02/2021,,,,
Acai,Euterpe oleracea,1250,F,V,F,3,2,5,"F, V, O",Neotropic,0,0,,22/02/2021,,,,
Water_dropwort,Oenanthe javanica,1250,V,K,V,2,0,2,"V, K",Palearctic,0,0,,22/02/2021,,,,
Wasabi ,Eutrema japonicum,1300,K,NA,K,1,0,1,K,Palearctic,0,0,,22/02/2021,,,,
Hop,Humulus lupulus,1300,Q,N,Q,1,0,1,Q,Palearctic,1,84651.54545,,12/03/2021,,,,
Lovage,Levisticum officinale,1300,K,Q,K,3,0,3,"K, Q, V",NA,0,0,,22/02/2021,,,,
White_sapote,Casimiroa edulis,1400,F,P,F,2,1,3,"F, P, M",Neotropic,0,0,,22/02/2021,,,,
Spinach,Spinacia oleracea,1400,V,N,V,1,2,3,"V, M, D",Palearctic,1,1550727.364,,22/02/2021,,,,
Blueberry,Vaccinium corymbosum,1400,F,B,F,2,0,2,"F, B",Nearctic,1,83228.54545,,22/02/2021,,,,
Nutmeg_and_mace,Myristica fragrans,1480,K,NA,K,1,0,1,K,Australasia,0,0,,22/02/2021,,,,
Jackfruit,Artocarpus heterophyllus,1500,V,F,V,2,1,3,"V, F, I",Indo_malay,0,0,,22/02/2021,,,,
Cucumber_tree,Averrhoa bilimbi,1500,V,K,V,4,1,5,"V, K, F, B, M",Australasia,0,0,,22/02/2021,,,,
Coffee,Coffea arabica,1500,B,NA,B,1,0,1,B,Afrotropic,1,10595665.27,,22/02/2021,,,,
Alpine_dock,Rumex alpinus,1550,V,N,V,1,1,2,"V, M",Palearctic,0,0,,22/02/2021,,,,
American_sweet_chestnut,Castanea dentata,1650,N,B,N,2,2,4,"P, TB, M, O",Nearctic,0,0,,22/02/2021,,,,
Red_clover,Trifolium pratense,1650,A,V,A,1,2,3,"V, A, I",Palearctic,0,0,,22/02/2021,,,,
Melegueta_pepper,Aframomum melegueta,750,K,NA,K,2,2,4,"K, Q, M, A",Afrotropic,0.291497976,854066.7068,,22/02/2021,,,,
Blackberry,Rubus laciniatus,1680,F,NA,F,1,0,1,F,Palearctic,0,0,,23/02/2021,,,,
Star_fruit,Averrhoa carambola,1700,F,NA,F,1,1,2,"F, M",Australasia,0,0,,23/02/2021,,,,
Garden_chervil,Anthriscus cerefolium,1800,K,NA,K,1,2,3,"K, M, T",NA,0,0,,23/02/2021,,,,
Kangkong_water_spinach,Ipomoea aquatica,1800,V,NA,V,1,2,3,"V, A, M,",Indo_malay,0,0,,23/02/2021,,,,
Hog_peanut,Amphicarpaea bracteata,1850,P,R,P,2,1,3,"P, R, T",Nearctic,0,0,,23/02/2021,,,,
Hairy_vetch_fodder_vetch_winter_vetch,Vicia villosa,1850,T,NA,T,1,1,2,"T, V",Nearctic,0,0,,13/03/2021,,,,
Hungarian_clover,Trifolium pannonicum,1890,T,NA,T,0,2,2,"T, A",Palearctic,0,0,,13/03/2021,,,,
Macadamia,Macadamia integrifolia,1950,P,NA,P,2,0,2,"P, O,",NA,0,0,,23/02/2021,,,,
Callaloo,Amaranthus tricolor,2000,V,NA,V,2,1,3,"V, P, D",Indo_malay,0,0,,23/02/2021,,,,
Konjac,Amorphophallus konjac,2000,R,NA,R,1,1,2,"R, M",Indo_malay,0,0,,23/02/2021,,,,
Cashew_nuts,Anacardium occidentale,2000,P,O,P,4,2,6,"F, Q, A, M",Neotropic,1,5473030.364,,23/02/2021,,,,
Horseradish,Armoracia rusticana,2000,K,NA,K,2,1,3,"V, M",Palearctic,0,0,,23/02/2021,,,,
Papaya_pawpaw,Carica papaya,2000,F,NA,F,2,1,3,"V, M",Neotropic,1,409489.4545,,23/02/2021,,,,
Endive,Cichorium endivia,2000,V,NA,V,1,0,1,V,Palearctic,0,0,,23/02/2021,,,,
Chicory,Cichorium intybus,2000,V,K,V,2,1,3,"A,",Palearctic,1,19127.63636,,23/02/2021,,,,
Mountain_yam,Dioscorea oppositifolia,2000,R,NA,R,2,2,4,"V, M, A",Palearctic,0,0,,23/02/2021,,,,
Loquat,Eriobotrya japonica,2000,F,K,F,4,1,5,"B, M, Q",Palearctic,0,0,,23/02/2021,,,,
Guarana,Paullinia cupana,2000,B,K,B,2,1,3,M,Neotropic,0,0,,13/03/2021,,,,
Parsely,Petroselinum crispum,2000,K,NA,K,2,0,2,V,Palearctic,0,0,,23/02/2021,,,,
Hoja_santa,Piper auritum,2000,K,NA,K,2,1,3,"B, M",Neotropic,0,0,,23/02/2021,,,,
Sand_pear,Pyrus pyrifolia,2000,F,NA,F,1,0,1,,Palearctic,0,0,,23/02/2021,,,,
Malay_apple,Syzygium malaccense,2000,F,NA,F,1,1,2,TB,Australasia,0,0,,23/02/2021,,,,
Cranberry,Vaccinium macrocarpon,2000,F,NA,F,2,0,2,B,NA,1,33733.72727,,23/02/2021,,,,
Shichuan_pepper,Zanthoxylum bungeanum,2000,K,NA,K,1,1,2,M,Palearctic,0,0,,23/02/2021,,,,
Caper,Capparis spinosa,2100,K,V,K,2,1,3,M,Palearctic,0,0,,23/02/2021,,,,
Pomelo,Citrus maxima,2100,F,N,F,3,1,3,"K, B, M - is M the N here?",Indo_malay,0,0,,23/02/2021,,,,
Niger_seed,Guizotia abyssinica,2150,O,S,O,2,1,3,"P, M",Afrotropic,0,0,,23/02/2021,,,,
Asparagus,Asparagus officinalis,2200,V,NA,V,1,0,1,,Palearctic,1,2748824.455,,23/02/2021,,,,
Jute,Corchorus olitorius,2200,V,N,V,1,1,2,TX,Afrotropic,1,1414655.636,,23/02/2021,,,,
Cherry_plum,Prunus cerasifera,2200,F,N,F,1,0,1,,Palearctic,0,0,,23/02/2021,,,,
Clove,Syzygium aromaticum,2200,K,NA,K,1,1,2,M,Australasia,1,485537.3636,,23/02/2021,,,,
Orach,Atriplex hortensis,2300,V,N,V,1,1,2,D,Palearctic,0,0,,23/02/2021,,,,
Jack_bean,Canavalia ensiformis,2300,A,V,A,1,3,4,"T, M",Neotropic,0,0,,23/02/2021,,,,
Sour_cherry,Prunus cerasus,2300,F,O,F,3,0,3,Q,Palearctic,1,224918.6364,,23/02/2021,,,,
Service_tree,Sorbus domestica,2400,F,NA,F,1,0,1,,Palearctic,0,0,,23/02/2021,,,,
Welsh_onion,Allium fistulosum,2500,K,V,K,2,1,3,M,Palearctic,0,0,,23/02/2021,,,,
Grapefruit,Citrus paradisi,2500,F,NA,F,1,0,1,,Indo_malay,0,0,,23/02/2021,,,,
Clementine,Citrus reticulata,2500,F,NA,F,3,1,4,"K, M, O",Indo_malay,1,3766619.091,,23/02/2021,,,,
Cardoon,Cynara cardunculus,2500,V,NA,V,1,0,1,,NA,1,138884.9091,,23/02/2021,,,,
Dika,Irvingia gabonensis,2500,F,O,F,3,2,5,"P, D, TB",Afrotropic,0,0,,23/02/2021,,,,
Sapodilla,Manilkara zapota,2500,F,V,F,3,5,8,"B, F, S, D, M, TB, T, I",Neotropic,0,0,,21/02/2021,,,,
Pepino,Solanum muricatum,2500,F,NA,F,1,0,1,F,Neotropic,0,0,,21/02/2021,,,,
Tannia,Xanthosoma sagittifolium,2500,R,A,R,4,3,7,"R, B, C, V, A, T, M",Neotropic,1,47977,,21/02/2021,,,,
Bay_laurel,Laurus nobilis,2600,K,N,K,1,4,5,"K, M, I, TB",Palearctic,0,0,,21/02/2021,,,,
Rhubarb,Rheum rhabarbarum,2700,F,N,F,1,1,2,"F, M",Palearctic,0,0,,21/02/2021,,,,
Sage,Salvia officinalis,2700,K,NA,K,1,1,2,"K, M",Palearctic,0,0,,21/02/2021,,,,
Cardamom,Elettaria cardamomum,2730,K,NA,K,1,1,2,"K, M",Indo_malay,1,316792.7273,20,21/02/2021,,,,
Tea,Camellia sinensis,2737,B,NA,B,2,1,3,"B, K, M",Palearctic,1,5018630.455,,21/02/2021,,,,
Garlic_chives,Allium tuberosum,3000,K,NA,K,2,1,3,"K, V, M ",Palearctic,0,0,,21/02/2021,,,,
Musttard,Brassica juncea,3000,K,V,K,4,4,8,"O, P, K, V, A, I, M, T",Palearctic,0,0,,21/02/2021,,,,
Melon_and_cantaloupe,Cucumis melo,3000,F,NA,F,4,1,5,"B, F, O, V, M",Indo_malay,1,1728680.818,,21/02/2021,,,,
Quince,Cydonia oblonga,3000,F,NA,F,2,1,3,"F, B, M",Palearctic,0,0,,21/02/2021,,,,
Star_anise,Illicium verum,3000,K,NA,K,1,1,2,"K, M",Indo_malay,0,0,,21/02/2021,,,,
Guama,Inga laurina,3000,F,T,F,1,3,4,"V, I, T, A ",Neotropic,0,0,23,13/03/2021,,,,
Minth,Mentha spicata,3000,K,NA,K,1,1,2,"K, M",Palearctic,1,3199.272727,,21/02/2021,,,,
Sacred_water_lotus,Nelumbo nucifera,3000,R,V,R,4,2,6,"C, S, P, V, M, TX",Australasia,0,0,,21/02/2021,,,,
Jocote,Spondias purpurea,3100,F,V,F,1,0,1,F,Neotropic,0,0,,21/02/2021,,,,
Okra,Abelmoschus esculentus,3150,V,B,V,5,3,8,"B, C, O, K, V, A, TX, M",Indo_malay,1,1544144.091,"1, 2",21/02/2021,,,,
Celery,Apium graveolens,3275,V,NA,V,1,1,2,"V, M",Palearctic,0,0,,21/02/2021,,,,
Cinnamon,Cinnamomum verum,3300,K,N,K,1,5,6,"K, RD, I, T, TB, M",Indo_malay,0,0,,22/02/2021,,,,
Mayanut_ramon_mojote_osh_,Brosimum alicastrum,3400,P,F,P,4,4,8,"B, C, F, P, A, T, I, M",Neotropic,0,0,,13/03/2021,,,,
Jícama,Pachyrhizus erosus,3400,R,V,R,4,1,5,"C, O, K, V, A",Neotropic,0,0,,22/02/2021,,,,
Jicama,Pachyrhizus tuberosus,3400,R,V,R,2,1,3,"R, V, T",Neotropic,0,0,,22/02/2021,,,,
Cowpea,Vigna unguiculata,3410,P,A,P,3,3,6,"B, C, P, TX, A, M",Afrotropic,1,11612161.91,,22/02/2021,,,,
Cherimoya,Annona cherimola,3500,F,NA,F,1,2,3,"F, M, T",Neotropic,1,3926581.091,,22/02/2021,,,,
Breadfruit,Artocarpus altilis,3500,F,A,F,4,7,11,"F, P, V, R, A, T, I, D, TX, TB, M",Australasia,0,0,,22/02/2021,,,,
Turnip,Brassica rapa,3500,R,V,R,3,4,7,"R, V, O, A, T, M, I",Palearctic,0,0,,22/02/2021,,,,
Pigeon_pea,Cajanus cajan,3500,P,V,P,3,4,7,"S, P, V, A, T, I, M",Indo_malay,1,5202378.273,,22/02/2021,,,,
Cress,Lepidium sativum,3500,K,NA,K,4,1,5,"O, V, P, K, M",Palearctic,0,0,,22/02/2021,,,,
Rice_african,Oryza glaberrima,3500,C,NA,C,1,1,2,"C, M ",Afrotropic,0,0,,22/02/2021,,,,
Anise_seeds,Pimpinella anisum,3500,K,NA,K,2,1,3,"B, K, M",Palearctic,1,1050667.545,,22/02/2021,,,,
Cambridge_cherry,Prunus pseudocerasus,3500,F,NA,F,3,0,3,"F, P, B",Palearctic,0,0,,22/02/2021,,,,
Maca,Lepidium meyenii,3600,R,NA,R,2,1,3,"V, R, M",NA,0,0,,22/02/2021,,,,
Horse_gram,Macrotyloma uniflorum,3600,P,A,P,2,3,5,"P, V, A, T, M",Afrotropic,0,0,,22/02/2021,,,,
Ambarella,Spondias dulcis,3600,F,V,F,2,2,4,"F, V, M, T",Australasia,0,0,,22/02/2021,,,,
Blackseed,Nigella sativa,3650,K,NA,K,1,3,4,"K, M, I, T",Palearctic,0,0,,22/02/2021,,,,
Millet_finger,Eleusine coracana,3800,C,NA,C,2,1,3,"B, C, A",Afrotropic,0,0,,22/02/2021,,,,
Rough_pigweed,Amaranthus hybridus,4000,V,C,V,1,2,3,"V, M, A",Nearctic,0,0,,22/02/2021,,,,
Oblique_seed_jackbean,Canavalia plagiosperma,4000,P,A,P,1,1,2,"P, A ",Neotropic,0,0,17,13/03/2021,,,,
Jerusalem_artichoke,Helianthus tuberosus,4000,R,NA,R,1,3,4,"V, M, A, D",Nearctic,0,0,,23/02/2021,,,,
Litchi,Litchi chinensis,4000,F,N,F,1,1,2,"F, M",Indo_malay,0,0,,18/03/2021,,,,
Pearl_lupin,Lupinus mutabilis,4000,P,V,P,3,2,5,"I, T, V, P, O",Neotropic,0,0,,18/03/2021,,,,
Mango,Mangifera indica,4000,F,K,F,4,4,8,"F, K, S, V, M, TB, A, I",Indo_malay,1,5673364.091,10,18/03/2021,,,,
Sweet_cherry,Prunus avium,4077,F,N,F,2,4,6,"TB, M, D, T, F, P ",Palearctic,1,408992.7273,,18/03/2021,,,,
Lemon,Citrus limon,4100,F,B,F,4,2,6,"M, I, F, O, K, B",Australasia,1,1489838.273,,18/03/2021,,,,
Jatrofa,Jatropha curcas,4250,T,N,T,3,4,7,"M, T, I, TX, V, K, P",Neotropic,0,0,,18/03/2021,,,,
Husk_tomato_tomatillo,Physalis philadelphica,4250,V,N,V,1,1,2,"M, V",Nearctic,0,0,,18/03/2021,,,,
Peach_palm,Bactris gasipaes,4300,F,O,F,4,5,9,"M, I, TB, D, PP, F, O, S, V",Neotropic,0,0,,18/03/2021,,,,
Carrot,Daucus carota,4450,V,K,V,1,2,3,"D, M, V",Palearctic,1,1601174.273,,18/03/2021,,,,
Leek,Allium ampeloprasum,4500,V,K,V,2,1,3,"M, V, K",Palearctic,0,0,4,18/03/2021,,,,
Safflower_seed,Carthamus tinctorius,4500,O,P,O,4,3,7,"M, I, D, O, S, V, K",Palearctic,1,901732,,18/03/2021,,,,
Orange,Citrus sinensis,4500,F,B,F,3,2,6,"M, I, F, O, K, B",Indo_malay,1,1489838.273,,18/03/2021,,,,
Japanese_millet,Echinochloa esculenta,4500,C,A,C,3,1,4,"M, C, P, A",Australasia,0,0,,18/03/2021,,,,
Turmeric,Curcuma longa,4600,K,N,K,1,1,2,"D, K",Indo_malay,0,0,,18/03/2021,,,,
Mulberry_for_silkworms,Morus alba,4600,A,F,A,3,6,9,"A, M, TX, D, TB, I, F, B, Q",Palearctic,1,116841,,18/03/2021,,,,
Butter_bean_lima_bean,Phaseolus lunatus,4800,P,V,P,2,1,3,"M, V, P",Neotropic,0,0,,18/03/2021,,,,
Millet_pearl,Pennisetum glaucum,4900,C,N,C,1,1,2,"M, C",Afrotropic,1,34180415.82,,18/03/2021,,,,
Chinese_chives,Allium ramosum,5000,V,N,V,2,1,3,"M, V, K",Palearctic,0,0,,18/03/2021,,,,
Annato,Bixa orellana,5000,K,T,K,2,3,5,"D, M, I, K, P",Neotropic,0,0,,18/03/2021,,,,
Cidra_chilacayote,Cucurbita ficifolia,5000,F,P,F,3,1,4,"M, F, P, O",Neotropic,0,0,,18/03/2021,,,,
Soybean,Glycine max,5000,P,B,P,5,5,10,"M, T, PP, I, TX, V, O, P, B, K",Palearctic,1,113705828.9,,18/03/2021,,,,
Short_staple_cotton,Gossypium herbaceum,5000,N,P,N,3,6,9,"M, TX, PP, I, T, D, V, O, P",Afrotropic,0,0,,18/03/2021,,,,
Sunflower,Helianthus annuus,5000,O,P,O,3,5,8,"M, I, PP, D, T, O, P, V",Nearctic,1,25686799.09,,18/03/2021,,,,
Sumpweed,Iva annua,5000,P,NA,P,1,0,1,P,Nearctic,0,0,,18/03/2021,,,,
Alfalfa_for_fodder,Medicago sativa,5000,A,V,A,4,5,9,"M, PP, I, T, D, V, O, S, B",Palearctic,0,0,,18/03/2021,,,,
Basil,Ocimum basilicum,5000,K,B,K,4,1,5,"M, K, V, B, O",Afrotropic,0,0,,18/03/2021,,,,
Black_pepper,Piper nigrum,5000,K,O,K,2,1,3,"M, K, O ",Indo_malay,1,572020.3636,,18/03/2021,,,,
Apricot,Prunus armeniaca,5000,F,P,F,3,3,6,"M, I, D, F, O, S",Indo_malay,1,564133.0909,,18/03/2021,,,,
Radish,Raphanus raphanistrum,5000,K,P,K,3,1,4,"M, K, V, P",Palearctic,0,0,,18/03/2021,,,,
Scarlet_eggplant,Solanum aethiopicum,5000,V,NA,V,1,0,1,V,Afrotropic,0,0,,18/03/2021,,,,
Gboma_eggplant,Solanum macrocarpon,5000,V,N,V,1,1,2,"M, V",Afrotropic,0,0,5,18/03/2021,,,,
Eggplant,Solanum melongena,5000,V,N,V,1,1,2,"M, V",Indo_malay,1,2546735.455,,18/03/2021,,,,
Sudangrass,Sorghum drummondii,5000,A,T,A,0,2,2,"A, T",NA,0,0,7,18/03/2021,,,,
Adzuki_bean,Vigna angularis,5000,P,C,P,3,1,4,"M, P, V, C",Palearctic,0,0,18,18/03/2021,,,,
Ginger,Zingiber officinale,5000,K,B,K,2,1,3,"M, K, B",Indo_malay,1,370453,,18/03/2021,,,,
Japanese_pie_pumpkin,Cucurbita argyrosperma,5100,V,P,V,3,1,4,"M, V, P, O",Neotropic,0,0,,18/03/2021,,,,
Dandelion,Taraxacum campylodes,5100,B,N,B,2,4,6,"M, T, I, D, V, B",Palearctic,0,0,,18/03/2021,,,,
Chestnut,Castanea sativa,5200,P,C,P,2,3,5,"M, I, TB, P, C",Palearctic,1,820033.1818,,18/03/2021,,,,
Hyacinth_bean,Lablab purpureus,5200,P,V,P,3,2,5,"M, T, P, V, R ",Afrotropic,0,0,,18/03/2021,,,,
Persimmon,Diospyros kaki,5300,F,P,F,2,2,4,"M, TB, F, P",Indo_malay,1,1676772.455,6,18/03/2021,,,,
Cocoa_cacao,Theobroma cacao,5300,B,K,B,4,7,11,"P, O, B, M, K, T, TX, TB, I, A, RD",Neotropic,1,9660752.455,,13/03/2021,,,,
Cainito_star_apple,Chrysophyllum cainito,5400,F,N,F,1,4,5,F M TB T PP,Neotropic,0,0,,19/03/2021,,,,
Vanilla,Vanilla planifolia,5400,K,N,K,2,2,4,M I S K,NA,1,93330.72727,,19/03/2021,,,,
Cola,Cola nitida,5500,B,N,B,2,4,6,M I TB T B K ,Afrotropic,0,0,,19/03/2021,,,,
Oil_palm,Elaeis guineensis,5500,O,N,O,3,4,7,M I PP T V Q O,Afrotropic,0,0,,19/03/2021,,,,
Seed_cotton,Gossypium hirsutum,5500,N,P,N,2,4,6,P O M T TX I,Neotropic,1,37449453.36,,19/03/2021,,,,
Pistachio,Pistacia vera,5500,P,K,P,3,2,5,K M I O P,Palearctic,1,579273.3636,,19/03/2021,,,,
Pomegranate,Punica granatum,5500,F,N,F,3,3,6,M TB D K F B ,Palearctic,1,5520932.545,,19/03/2021,,,,
Sesame,Sesamum indicum,5500,O,P,O,3,2,5,V M I P O,Indo_malay,1,9299062.727,,19/03/2021,,,,
Pitaya,Stenocereus queretaroensis,5500,F,NA,F,1,0,1,F,NA,0,0,15,19/03/2021,,,,
Egyptian_clover_berseem_clover,Trifolium alexandrinum,5650,A,T,A,1,1,2,A T,Palearctic,0,0,8,19/03/2021,,,,
Sicomore_fig,Ficus sycomorus,5900,F,N,F,2,5,7,V TB M T D I F,Afrotropic,0,0,19,19/03/2021,,,,
Hemp,Cannabis sativa,6000,O,N,O,3,4,7,M PP P I A TX O ,Indo_malay,0,0,,20/03/2021,,,,
Watermelon,Citrullus lanatus,6000,F,B,F,4,2,6,P M O I F B,Afrotropic,1,5193907.182,,20/03/2021,,,,
Citron,Citrus medica,6000,K,S,K,1,2,3,M I K ,Indo_malay,0,0,,20/03/2021,,,,
Coriander,Coriandrum sativum,6000,K,N,K,3,2,5,P M O I K,Palearctic,0,0,,20/03/2021,,,,
Tiger_nut,Cyperus esculentus,6000,R,O,R,4,3,7,B V M I TX R O,Palearctic,0,0,,20/03/2021,,,,
White_yam,Dioscorea cayennensis,6000,R,NA,R,2,0,2,R B,Afrotropic,1,6128439.909,,20/03/2021,,,,
Teff,Eragrostis tef,6000,C,A,C,2,0,2,P A,Neotropic,1,3970946.545,,20/03/2021,,,,
Kenaf,Hibiscus cannabinus,6000,O,N,O,3,5,8,K C M T TX PP I F,Afrotropic,0,0,,20/03/2021,,,,
Bitter_melon,Momordica charantia,6000,F,O,F,4,1,5,"P, Q, F, O, M ",Indo_malay,0,0,,20/03/2021,,,,
Plum_and_prune,Prunus domestica,6000,F,N,F,3,3,6,P F B M D I,Palearctic,1,4251097.636,,20/03/2021,,,,
Pear,Pyrus communis,6000,F,N,F,1,4,5,M TB D T F,Palearctic,1,2672042.818,,20/03/2021,,,,
Malabar_plum,Syzygium cumini,6000,F,N,F,2,5,7,B M TB D T I F,Indo_malay,0,0,,20/03/2021,,,,
Fenugreek,Trigonella foenum-graecum,6000,K,V,K,3,4,7,O B M I D T K,Palearctic,0,0,,20/03/2021,,,,
Olive,Olea europaea,6500,F,O,F,2,5,7,D M I TB T F O,Palearctic,1,9935470.727,,20/03/2021,,,,
Onion,Allium cepa,7000,V,K,V,2,3,5,M I D V K,Palearctic,1,5389698.091,,20/03/2021,,,,
Amaranth,Amaranthus caudatus,7000,V,P,V,2,2,4,M D V P ,Nearctic,0,0,,20/03/2021,,,,
Purple_amaranth,Amaranthus cruentus,7000,V,P,V,2,1,3,D V P,Nearctic,0,0,,20/03/2021,,,,
Princes_feather,Amaranthus hypochondriacus,7000,V,P,V,2,2,4,M D V P ,Nearctic,0,0,,20/03/2021,,,,
Rapeseed,Brassica napus,7000,O,A,O,4,4,8,K P M I T V O A,Palearctic,1,39823700.55,,20/03/2021,,,,
Quinoa,Chenopodium quinoa,7000,P,V,P,2,2,4,D I V P,Neotropic,1,132593,,20/03/2021,,,,
Pumpkin_giant_pumpkin,Cucurbita maxima,7000,V,P,V,3,2,5,O M I F P,Neotropic,0,0,,20/03/2021,,,,
Fonio,Digitaria exilis,7000,C,NA,C,1,2,3,M I C ,Afrotropic,1,597945.3636,,21/03/2021,,,,
Indian_yam,Dioscorea trifida,7000,R,NA,R,1,0,1,R,Neotropic,0,0,,21/03/2021,,,,
Luffa,Luffa cylindrica,7000,V,NA,V,1,0,1,V,Indo_malay,0,0,,21/03/2021,,,,
Black_medick,Medicago lupulina,7000,N,A,V,2,2,4,K M P T,Palearctic,0,0,,21/03/2021,,,,
Tepary_bean,Phaseolus acutifolius,7000,P,N,P,2,1,3,V M P,Nearctic,0,0,,21/03/2021,,,,
Dates,Phoenix dactylifera,7000,F,B,F,2,5,7,M T TX I F Q TB ,Indo_malay,1,1207982.727,,21/03/2021,,,,
Spelt,Triticum spelta,7000,C,NA,C,1,3,4,I TX PP C,Palearctic,0,0,,21/03/2021,,,,
Cumin,Cuminum cyminum,7500,K,N,K,1,3,4,"K, M, I, T",Palearctic,0,0,,22/02/2021,,,,
Lettuce,Lactuca sativa,7500,V,O,O,3,1,4,"P, M, V, O",Palearctic,1,1717358.364,,22/02/2021,,,,
Millet_italian,Setaria italica,7500,C,A,C,1,2,3,"M, C, A ",Palearctic,0,0,,22/02/2021,,,,
Einkorn_wheat,Triticum monococcum,7500,C,A,C,1,4,5,"PP, TB, I, C, A",Palearctic,0,0,12,22/02/2021,,,,
Raspberry,Rubus idaeus,7700,F,N,F,4,1,5,"B, R, V, M, F",Palearctic,1,100599.4545,,22/02/2021,,,,
Cabbage,Brassica oleracea,8000,V,N,V,1,2,3,"M, T, V, ",Palearctic,1,3295188.455,,22/02/2021,,,,
Pepper,Capsicum annuum,8000,V,K,V,2,2,4,"T,M, V, K ",Neotropic,1,1724468,,22/02/2021,,,,
Pecan,Carya illinoinensis,8000,P,O,P,3,4,7,"B, T, TB, I, M, P O ",NA,0,0,,22/02/2021,,,,
Buckwheat,Fagopyrum esculentum,8000,C,Q,C,4,3,7,"V, P, M, T, D, C, Q",NA,1,3037840.727,,22/02/2021,,,,
Ice_cream_bean,Inga edulis,8000,F,Q,F,3,4,7,"P, T, TB, I, M, F, Q",Neotropic,0,0,,22/02/2021,,,,
Red_vetchling,Lathyrus cicera,8000,P,NA,P,1,0,1,P,Palearctic,0,0,,22/02/2021,,,,
Grass_pea_common_chickling,Lathyrus sativus,8000,P,A,P,2,2,4,"V, T, P, A",Palearctic,0,0,,22/02/2021,,,,
Bean_dry_edible,Phaseolus vulgaris,8000,P,V,P,3,3,6,"B, A, M ,D, P, V",Neotropic,1,29863859.45,,22/02/2021,,,,
Guava,Psidium guajava,8000,F,A,F,3,5,8,"O, V, T, D, TB, I, F, A, ",Neotropic,0,0,,22/02/2021,,,,
Water_chestnut,Trapa natans,8000,P,F,P,2,1,3,"P, F, M",Palearctic,0,0,,22/02/2021,,,,
Bitter_vetch,Vicia ervilia,8000,A,P,A,1,1,2,"A, P",Palearctic,0,0,,22/02/2021,,,,
Betel_nut,Areca catechu,8776,N,V,N,2,7,9,"F, M, T, TB, TX, D, PP, I, V",Indo_malay,1,932991.9091,,13/03/2021,,,,
Peanut,Arachis hypogaea,9000,P,O,P,3,4,7,"V, M, I, T, A, O, P",Neotropic,1,29740532.91,,23/02/2021,,,,
Hazelnut,Corylus avellana,9000,P,N,P,3,3,6,"B,O, M, TB, I, P",Palearctic,1,629671.7273,,23/02/2021,,,,
Walnut,Juglans regia,9000,P,N,P,5,5,10,"K, O, B,S, M, D, T, TB, I, P",Palearctic,1,1390409.818,,23/02/2021,,,,
Avocado,Persea americana,9000,F,NA,F,3,4,7,"B, O, M, TB, I D, F",Neotropic,1,485423.3636,,23/02/2021,,,,
Pea,Pisum sativum,9000,P,V,P,3,2,5,"B, M ,I, P, V",Palearctic,1,7456784.091,,23/02/2021,,,,
Peach,Prunus persica,9000,F,NA,F,2,3,5,"M, D, I, B, F",Palearctic,1,2300422,,23/02/2021,,,,
Mung_bean,Vigna radiata,9000,P,NA,P,1,0,1,P,Australasia,0,0,,23/02/2021,,,,
Chickpea_gram_pea,Cicer arietinum,9100,P,NA,P,1,0,1,P,Palearctic,1,12066216,,23/02/2021,,,,
Garlic,Allium sativum,10000,K,N,K,2,3,5,"S,T,M, I,K",Palearctic,1,2162521.182,,23/02/2021,,,,
Pineapple,Ananas comosus,10000,F,N,F,4,3,7,"S,V,B,I, TX,M, F",Neotropic,1,1014004.455,,23/02/2021,,,,
Dill,Anethum graveolens,10000,K,N,K,2,2,4,"B, M, I, K",Palearctic,0,0,,23/02/2021,,,,
Oats,Avena sativa,10000,C,A,C,3,6,9,"Q, B, M, TX, I, PP, TB, A, C",Palearctic,1,10366090.64,,23/02/2021,,,,
Brazil_nut,Bertholletia excelsa,10000,P,N,P,2,4,6,"O,TB, TX,M,I, P",Neotropic,1,11511.72727,,24/02/2021,,,,
Mustard,Brassica nigra,10000,K,V,K,3,2,5,"O, M, I, K, V, ",Palearctic,1,729686.8182,,24/02/2021,,,,
Chilly,Capsicum baccatum,10000,K,NA,K,1,0,1,K,Neotropic,0,0,,24/02/2021,,,,
Bonnet_pepper,Capsicum chinense,10000,K,NA,K,1,0,1,K,Nearctic,0,0,,24/02/2021,,,,
Carob,Ceratonia siliqua,10000,A,S,A,3,3,6,"C, B, I , TB, A, S",Palearctic,1,83594,,24/02/2021,,,,
Cucumber,Cucumis sativus,10000,V,N,V,3,2,5,"I,O,P,M, V",Indo_malay,1,3150324,,24/02/2021,,,,
Squash,Cucurbita moschata,10000,V,NA,V,3,0,3,"V,P,O",Neotropic,0,0,11,24/02/2021,,,,
Summer_squash,Cucurbita pepo,10000,V,NA,V,4,1,5,"P, C,O, M, V",Neotropic,1,2149948.909,,24/02/2021,,,,
Ube_yam,Dioscorea alata,10000,R,NA,R,1,0,1,R,Australasia,0,0,,24/02/2021,,,,
Enset_abyssinian_banana,Ensete ventricosum,10000,R,NA,R,3,2,5,"C, P, TX, A, R",Afrotropic,0,0,3,24/02/2021,,,,
Potato_sweet,Ipomoea batatas,10000,R,V,R,2,1,3,"D, R, V, ",Neotropic,1,11735525.45,,24/02/2021,,,,
Apple,Malus domestica,10000,F,B,F,2,0,2,"Q, R",Palearctic,1,7131225.818,,22/02/2021,,,,
Cassava,Manihot esculenta,10000,R,Q,R,2,3,5,"A, T, TX",Neotropic,1,21542420.36,,22/02/2021,,,,
Sago_palm,Metroxylon sagu,10000,R,N,R,1,1,2,"TB, R ",Australasia,0,0,,22/02/2021,,,,
Banana,Musa acuminata,10000,F,NA,F,1,0,1,F,Indo_malay,1,5675173.727,,22/02/2021,,,,
Oca,Oxalis tuberosa,10000,R,NA,R,1,0,1,R,NA,0,0,,22/02/2021,,,,
Pandan,Pandanus amaryllifolius,10000,K,N,K,1,2,3,"D, M, K",Indo_malay,0,0,,22/02/2021,,,,
Millet,Panicum miliaceum,10000,C,A,C,1,4,5,"I, T, M, C, A",NA,0,0,,22/02/2021,,,,
White_musttard,Sinapis alba,10000,K,T,K,2,2,4,"T, Q, I, K",Palearctic,0,0,,22/02/2021,,,,
Potato,Solanum tuberosum,10000,R,A,R,2,2,4,"A, TX, R, I",Neotropic,1,24010844.36,,22/02/2021,,,,
Sorghum,Sorghum bicolor,10000,C,Q,C,3,3,6,"T, PP, S, A, C, Q ",Afrotropic,1,43523296,,22/02/2021,,,,
Bread_wheat,Triticum aestivum,10000,C,NA,C,1,2,3,"PP, T, C ",Palearctic,1,226291774.1,,22/02/2021,,,,
Maize,Zea mays,10000,C,A,C,1,5,6,"T, TX, PP, I, C, A ",Neotropic,1,204990207.7,,22/02/2021,,,,
Wild_rice_manchurian,Zizania latifolia,10000,C,V,V,2,0,2,"C, V",NA,0,0,,22/02/2021,,,,
Wild_rice_american,Zizania palustris,10000,C,NA,C,1,0,1,C,Nearctic,0,0,,22/02/2021,,,,
Rye,Secale cereale,10500,C,Q,C,2,4,6,"A, T, PP, TX, C, Q ",Palearctic,1,5737997.909,,22/02/2021,,,,
Broad_bean,Vicia faba,10500,P,V,P,2,2,4,"T,A, P, V ",Palearctic,1,3227987,,22/02/2021,,,,
narbon_bean,Vicia narbonensis,10500,V,A,V,1,2,3,"A, V , T",Palearctic,0,0,,22/02/2021,,,,
Vetch_for_grain,Vicia sativa,10500,V,A,A,1,2,3,"T, V, A",Palearctic,1,593645,,22/02/2021,,,,
Smooth_vetch,Vicia tetrasperma,10500,V,T,T,1,2,3,"A, V, T",Palearctic,0,0,,22/02/2021,,,,
Agave,Agave tequilana,11000,Q,N,Q,1,1,2,"TX, Q",Neotropic,0,0,,22/02/2021,,,,
Chocolate_pudding_fruit,Diospyros nigra,11000,F,NA,F,1,0,1,F,Neotropic,0,0,,22/02/2021,,,,
Jujube,Ziziphus jujuba,11000,F,B,F,2,2,4,"M, TB, F, B ",Palearctic,0,0,,22/02/2021,,,,
Flax,Linum usitatissimum,11200,N,O,N,1,4,5,"TX, A, I, PP, O",Palearctic,1,275167.8182,,22/02/2021,,,,
Emmer_wheat,Triticum dicoccon,11500,C,A,C,1,2,3,"PP, A, C ",Palearctic,0,0,,22/02/2021,,,,
Durum_wheat,Triticum durum,11500,C,NA,C,1,0,1,C,Palearctic,1,17032714.18,,22/02/2021,,,,
Giant_taro,Alocasia macrorrhizos,12000,R,A,R,1,1,2,"R, A ",Australasia,0,0,,22/02/2021,,,,
Beet_chard,Beta vulgaris,12000,V,S,V,2,2,4,"M, A, V, S",Palearctic,1,4861663.273,,22/02/2021,,,,
Saffron,Crocus sativus,12000,K,N,K,1,1,2,"D, K ",Palearctic,1,924912.1818,,22/02/2021,,,,
Barley,Hordeum vulgare,12000,C,Q,C,2,2,4,"A, PP, C, Q",Palearctic,1,51667824.18,,22/02/2021,,,,
Lentil,Lens culinaris,12000,P,V,P,2,1,3,"T, P, V",Palearctic,1,4219046.091,,22/02/2021,,,,
Prickly_pear,Opuntia ficus-indica,12000,F,Q,F,2,3,5,"A, T, I, F, Q",Nearctic,0,0,,22/02/2021,,,,
Sugarcane,Saccharum officinarum,12000,S,A,S,1,4,5,"T, I, PP, S, A ",Australasia,1,26581179.36,,22/02/2021,,,,
Coconut,Cocos nucifera,13000,F,O,F,4,5,9,"TB, T, D, A, O, B, S, I, F",Australasia,1,11800790.18,,22/02/2021,,,,
Rice,Oryza sativa,13000,C,O,C,2,3,5,"PP, TX, I, C, O",Indo_malay,1,190364378.8,,22/02/2021,,,,
Almond,Prunus dulcis,13000,P,B,P,4,1,5,"O, C, D, P, B",Palearctic,1,1760097.909,,22/02/2021,,,,
Grape,Vitis vinifera,13000,F,Q,F,2,2,4,"A, D, F, Q, ",Palearctic,1,7715034.545,,22/02/2021,,,,
Fig,Ficus carica,13400,F,NA,F,1,1,2,"TB, F",Palearctic,1,317353.6364,,22/02/2021,,,,
Pili_nut,Canarium ovatum,14000,P,O,P,3,2,5,"V, I, TB, P, O",Indo_malay,0,0,,22/02/2021,,,,
Bottle_gourd,Lagenaria siceraria,15000,V,N,V,1,1,2,"TB, V ",Afrotropic,0,0,,22/02/2021,,,,
Taro,Colocasia esculenta,18000,R,V,R,2,2,4,"A, TX, R, V",Indo_malay,1,1590327.818,,22/02/2021,,,,
